{
  "id": "2038283",
  "name": "后台管理页图标",
  "font_family": "iconfont",
  "css_prefix_text": "icon-",
  "description": "",
  "glyphs": [
    {
      "icon_id": "999221",
      "name": "关机",
      "font_class": "ai240",
      "unicode": "e6e4",
      "unicode_decimal": 59108
    },
    {
      "icon_id": "1206766",
      "name": "订单",
      "font_class": "dingdan",
      "unicode": "e68d",
      "unicode_decimal": 59021
    },
    {
      "icon_id": "1459147",
      "name": "导出",
      "font_class": "daochu",
      "unicode": "e61b",
      "unicode_decimal": 58907
    },
    {
      "icon_id": "1876334",
      "name": "客户群组",
      "font_class": "kehuqunzu",
      "unicode": "e673",
      "unicode_decimal": 58995
    },
    {
      "icon_id": "1920285",
      "name": "加",
      "font_class": "jia",
      "unicode": "e608",
      "unicode_decimal": 58888
    },
    {
      "icon_id": "1975329",
      "name": "订单",
      "font_class": "dingdan1",
      "unicode": "e609",
      "unicode_decimal": 58889
    },
    {
      "icon_id": "3216135",
      "name": "垃圾桶",
      "font_class": "icon--",
      "unicode": "e73d",
      "unicode_decimal": 59197
    },
    {
      "icon_id": "3909830",
      "name": "物料匹配",
      "font_class": "navicon-wlpp",
      "unicode": "e680",
      "unicode_decimal": 59008
    },
    {
      "icon_id": "5203236",
      "name": "电脑",
      "font_class": "diannao",
      "unicode": "e61e",
      "unicode_decimal": 58910
    },
    {
      "icon_id": "5838820",
      "name": "统计",
      "font_class": "tongji",
      "unicode": "e878",
      "unicode_decimal": 59512
    },
    {
      "icon_id": "6250268",
      "name": "失效",
      "font_class": "shixiao",
      "unicode": "e6bc",
      "unicode_decimal": 59068
    },
    {
      "icon_id": "6251649",
      "name": "icon_需求2",
      "font_class": "icon_xuqiu",
      "unicode": "e6c3",
      "unicode_decimal": 59075
    },
    {
      "icon_id": "6554218",
      "name": "个人号运营工具",
      "font_class": "gerenhaoyunyinggongju",
      "unicode": "e663",
      "unicode_decimal": 58979
    },
    {
      "icon_id": "6844436",
      "name": "预订报表",
      "font_class": "yudingbaobiao",
      "unicode": "e632",
      "unicode_decimal": 58930
    },
    {
      "icon_id": "7556885",
      "name": "搜索",
      "font_class": "sousuo",
      "unicode": "e610",
      "unicode_decimal": 58896
    },
    {
      "icon_id": "8922346",
      "name": "锁",
      "font_class": "suo",
      "unicode": "e60a",
      "unicode_decimal": 58890
    },
    {
      "icon_id": "10487467",
      "name": "汽车",
      "font_class": "qiche",
      "unicode": "e68e",
      "unicode_decimal": 59022
    },
    {
      "icon_id": "11641866",
      "name": "铅笔",
      "font_class": "qianbi",
      "unicode": "e61c",
      "unicode_decimal": 58908
    },
    {
      "icon_id": "13474459",
      "name": "下箭头",
      "font_class": "xiajiantou",
      "unicode": "e60b",
      "unicode_decimal": 58891
    },
    {
      "icon_id": "13488230",
      "name": "横屏",
      "font_class": "hengping",
      "unicode": "e67b",
      "unicode_decimal": 59003
    },
    {
      "icon_id": "13604677",
      "name": "用户",
      "font_class": "yonghu",
      "unicode": "e65b",
      "unicode_decimal": 58971
    },
    {
      "icon_id": "13678512",
      "name": "客户管理",
      "font_class": "kehuguanli",
      "unicode": "e661",
      "unicode_decimal": 58977
    },
    {
      "icon_id": "14197971",
      "name": "查看",
      "font_class": "icon_list_chakan",
      "unicode": "e619",
      "unicode_decimal": 58905
    },
    {
      "icon_id": "14197972",
      "name": "录入",
      "font_class": "icon_list_luru",
      "unicode": "e61d",
      "unicode_decimal": 58909
    },
    {
      "icon_id": "14476526",
      "name": "excel",
      "font_class": "excel",
      "unicode": "e66e",
      "unicode_decimal": 58990
    },
    {
      "icon_id": "14656282",
      "name": "需求直通车",
      "font_class": "xuqiuzhitongche",
      "unicode": "e731",
      "unicode_decimal": 59185
    },
    {
      "icon_id": "15726936",
      "name": "统计",
      "font_class": "tongji1",
      "unicode": "e642",
      "unicode_decimal": 58946
    },
    {
      "icon_id": "15726947",
      "name": "下箭头",
      "font_class": "xiajiantou1",
      "unicode": "e647",
      "unicode_decimal": 58951
    }
  ]
}
